{"cameraMode":{"drawMode":0,"name":"Shaded","section":"Shading Mode"},"sceneLighting":false,"audioPlay":false,"sceneViewState":{"m_AlwaysRefresh":false,"showFog":false,"showSkybox":false,"showFlares":false,"showImageEffects":false,"showParticleSystems":false,"showVisualEffectGraphs":true,"m_FxEnabled":true},"in2DMode":false,"pivot":{"x":0.013593912124633789,"y":0.8629326820373535,"z":0.012342631816864014},"rotation":{"x":-0.24617578089237214,"y":0.4449077546596527,"z":-0.12798582017421723,"w":-0.8516426682472229},"size":0.9247381091117859,"orthographic":false}