{"cameraMode":{"drawMode":0,"name":"Shaded","section":"Shading Mode"},"sceneLighting":false,"audioPlay":false,"sceneViewState":{"m_AlwaysRefresh":false,"showFog":true,"showSkybox":false,"showFlares":true,"showImageEffects":true,"showParticleSystems":true,"showVisualEffectGraphs":true,"m_FxEnabled":true},"in2DMode":false,"pivot":{"x":1291.532958984375,"y":1233.252685546875,"z":-39.78028869628906},"rotation":{"x":0.024893736466765405,"y":-0.0015389120671898127,"z":-0.0001413086283719167,"w":0.9997459053993225},"size":451.44403076171877,"orthographic":false}