{"cameraMode":{"drawMode":0,"name":"Shaded","section":"Shading Mode"},"sceneLighting":false,"audioPlay":false,"sceneViewState":{"m_AlwaysRefresh":false,"showFog":true,"showSkybox":false,"showFlares":true,"showImageEffects":true,"showParticleSystems":true,"showVisualEffectGraphs":true,"m_FxEnabled":true},"in2DMode":false,"pivot":{"x":0.09973055124282837,"y":2.302232027053833,"z":-1.1743900775909424},"rotation":{"x":0.1829063892364502,"y":-0.6910824179649353,"z":0.18733924627304078,"w":0.6737684607505798},"size":1.7633426189422608,"orthographic":false}