{"cameraMode":{"drawMode":0,"name":"Shaded","section":"Shading Mode"},"sceneLighting":false,"audioPlay":false,"sceneViewState":{"m_AlwaysRefresh":false,"showFog":true,"showSkybox":false,"showFlares":true,"showImageEffects":true,"showParticleSystems":true,"showVisualEffectGraphs":true,"m_FxEnabled":true},"in2DMode":false,"pivot":{"x":-0.27611303329467776,"y":1.11686110496521,"z":-0.4545721709728241},"rotation":{"x":-0.020801354199647905,"y":0.9791861176490784,"z":-0.14529623091220857,"w":-0.14018534123897553},"size":1.0773138999938965,"orthographic":false}