{"cameraMode":{"drawMode":0,"name":"Shaded","section":"Shading Mode"},"sceneLighting":false,"audioPlay":false,"sceneViewState":{"m_AlwaysRefresh":false,"showFog":true,"showSkybox":false,"showFlares":true,"showImageEffects":true,"showParticleSystems":true,"showVisualEffectGraphs":true,"m_FxEnabled":true},"in2DMode":false,"pivot":{"x":-0.0010469555854797364,"y":0.8263748288154602,"z":0.055121809244155887},"rotation":{"x":-0.039433348923921588,"y":0.9597102403640747,"z":-0.17494505643844605,"w":-0.216322660446167},"size":1.422431230545044,"orthographic":false}