{"cameraMode":{"drawMode":0,"name":"Shaded","section":"Shading Mode"},"sceneLighting":false,"audioPlay":false,"sceneViewState":{"m_AlwaysRefresh":false,"showFog":false,"showSkybox":false,"showFlares":false,"showImageEffects":false,"showParticleSystems":false,"showVisualEffectGraphs":true,"m_FxEnabled":true},"in2DMode":false,"pivot":{"x":0.013614356517791748,"y":0.8629242181777954,"z":0.012282371520996094},"rotation":{"x":-0.018740089610219003,"y":0.9788225889205933,"z":-0.1049465611577034,"w":-0.17477969825267793},"size":1.2247971296310425,"orthographic":false}